Justin Basini,Co-Founder & Chief Executive Officer (CEO) at ClearScore,Consumer Services,"London, United Kingdom"
Justin Basini,Co-Founder & Chief Executive Officer (CEO) at ClearScore,Consumer Services,"London, United Kingdom"
Justin Basini,Co-Founder & Chief Executive Officer (CEO) at ClearScore,Consumer Services,"London, United Kingdom"
Tarak Gorai,Chief Executive Officer at Skilliantech Group,Information Technology and Services,"London, United Kingdom"
Thomas Glanfield,"CEO, Lawrence Harvey Group",Information Technology and Services,"London, United Kingdom"
Nikolas Cookies,CEO at Watertron Global Inc.,Marketing and Advertising,"London, United Kingdom"
James Swanston,Founder and CEO at Voyage Control,Information Technology and Services,"London, United Kingdom"
Pete Malcolm,Chief Executive Officer at MultiTaction,Computer Software,"Oxford, United Kingdom"
Selvan Saha,CEO at Invest In Buy To Let,Financial Services,"London, United Kingdom"
Marcel Leonhard,Entrepreneur,Information Technology and Services,Austria area
Charles Radclyffe,Technology Advisor,Information Technology and Services,"London, United Kingdom"
Tom Millar,"Chief Executive Officer, ITC Secure Networking. Delivering Service Innovation in Cyber Security and Threat Intelligence.",Information Technology and Services,"London, United Kingdom"
Justin Cooke,Founder & CEO Tunepics,Apparel & Fashion,"London, United Kingdom"
Douglas Johnson-Poensgen,Deputy CEO at Dollar Financial Group,Financial Services,"London, United Kingdom"
John Morris,CEO at UK2 Group,Information Technology and Services,"London, United Kingdom"
Aldo Mazzocco,CEO - Chief Executive Officer at Quiris Media,Marketing and Advertising,"London, United Kingdom"
Sumit Jamuar,Chairman & CEO,Financial Services,"London, United Kingdom"
John Mathers,Chief Executive officer at The Design Council,Design,"London, United Kingdom"
"Mark Shraga, M.A.",Chief Executive Officer at New Star Networks (NSN),Telecommunications,"London, United Kingdom"
Stuart Sutton,Chief Executive Officer at Infinity SDC,Information Technology and Services,"London, United Kingdom"
Marcel Puyk,Chief Executive Officer at Cellectivity,Information Technology and Services,"London, United Kingdom"
John Stuart,Chief Commercial Officer at Omlis,Information Technology and Services,"London, United Kingdom"
Brooke Greville,CEO,Venture Capital & Private Equity,"London, United Kingdom"
Alina C. Lapusneanu,CEO & Co-founder at Fiskl Limited,Telecommunications,"London, United Kingdom"
Tony Bowden,Chief Executive Officer at Helicon Health,Information Technology and Services,"London, United Kingdom"
Aamir Butt,CEO at Tumour Trace,Information Technology and Services,"London, United Kingdom"
Graham Spivey,CEO and Chief Connection Officer | Board Adviser,Information Technology and Services,"London, United Kingdom"
Jonathan Lishawa,"Technology Entrepreneur, Executive & Investor",Information Technology and Services,"London, United Kingdom"
Brian Schuring,Founder & CEO; Fynder,Information Technology and Services,"London, United Kingdom"
Stuart Wilson,"CEO, Pirean.",Information Technology and Services,"London, United Kingdom"
Hussain Nasir,Chief Executive Officer at Rolustech,Information Technology and Services,"London, United Kingdom"
Abdul Hamid,Chief Executive Officer at Just Total Tech Ltd,Information Technology and Services,"London, United Kingdom"
Mathias Strasser,Chief Executive Officer at WallStreetdocs Ltd.,Information Technology and Services,"London, United Kingdom"
Michael Conner,Chief Executive Officer at SalesMethods,Information Technology and Services,"London, United Kingdom"
Paul Petty,Chief Executive Officer at BenchStrength International,Information Technology and Services,"London, United Kingdom"
Seth Finegan,UK Chief Executive Officer at Informed Solutions,Information Technology and Services,"London, United Kingdom"
Andy Burton,Chief Executive Officer and NED,Information Technology and Services,"London, United Kingdom"
Nick Holmes,Chief Executive Officer at TheJobPost,Information Technology and Services,"London, United Kingdom"
Mike Morgan,"CEO and Founder, Start-up Advisor, Mentor and Angel Investor",Information Technology and Services,"Crewe, United Kingdom"
ANDREW MILLS,Chief Executive Officer at Virtualstock,Information Technology and Services,"Guildford, United Kingdom"
Gerard Toplass,Group CEO at BRITISH THORNTON,Information Technology and Services,"Hull, United Kingdom"
Robert Mitchell,CMO at Prelitics,Information Technology and Services,"Bromley, United Kingdom"
Peter Dunphy,CEO at FRG Recruitment,Staffing and Recruiting,"London, United Kingdom"
Henrietta Royle,Chief Operating Officer at British Bankers' Association,Management Consulting,"London, United Kingdom"
Rosie Cunningham Thomas,Chief Executive Officer at Episurf Medical AB,Medical Devices,"London, United Kingdom"
Romeo Effs,"Chief Executive Officer of ASPYRE Group UK, Author, Entrepreneur, Coach and International Speaker",Management Consulting,"London, United Kingdom"
Julian B.,☆ Angel ☆ Tech Startups ☆,Marketing and Advertising,"London, United Kingdom"
Greg Mesch,CEO CityFibre Holdings,Utilities,"London, United Kingdom"
Paul Alexander,"Founder & Chief Executive Officer, Beyond Analysis Group",Marketing and Advertising,"London, United Kingdom"
Stephen Whitehead,Chief Executive Officer Association of the British Pharmaceutical Industry,Pharmaceuticals,"London, United Kingdom"
Chris Mehers,Founder and Chief Operating Officer at Edge Case Games Ltd,Computer Games,"London, United Kingdom"
Paul Halliwell,COO at TwentyCi; General manager in digital / high growth / technology businesses,Internet,"London, United Kingdom"
Christina Vaughan,Chief Executive Officer at Cue Songs,Media Production,"London, United Kingdom"
Roger Hall,CEO of Supponor,Broadcast Media,"London, United Kingdom"
Nikolaus Frei,CEO at Allianz Russia,Insurance,"London, United Kingdom"
Tom Grinyer,Chief Executive Officer at The Royal College of Anaesthetists,Government Relations,"London, United Kingdom"
James C Daly,External Consultant at The Deal,Information Services,"London, United Kingdom"
Stephen Larkin,CEO Africa New Energies,Oil & Energy,"London, United Kingdom"
Shashi Fernando,Chief Executive Officer at Yonder and Beyond,Entertainment,"London, United Kingdom"
Samuel Cropper,"Swishd, Tiberius Geldard, Talent Bridge Capital",Internet,"London, United Kingdom"
Robin Garbutt,CEO at LDeX Group,Internet,"London, United Kingdom"
Ashley Reading,"CEO, Fortress Capital Partners",Financial Services,"London, United Kingdom"
Gavin Lyons,Partner at MXC Capital,Investment Banking,"London, United Kingdom"
Tim West,"Partner, Old Burlington Investments",Investment Management,"London, United Kingdom"
Darren Selig,Chief Executive Officer at JBR Capital,Financial Services,"London, United Kingdom"
Tim Burne,Chief Executive Officer at Plastic Logic Germany,Electrical/Electronic Manufacturing,"London, United Kingdom"
Dan Parker,Chief Executive Officer at WiForia,Wireless,"London, United Kingdom"
Alistair Gordon,Chief Executive Officer at Keolis,Transportation/Trucking/Railroad,"London, United Kingdom"
Tim Sparey,Chief Business Officer at Midatech Pharma PLC,Pharmaceuticals,"London, United Kingdom"
James Brazier,Chief Executive Officer at CiRO LLP,Information Technology and Services,"London, United Kingdom"
Lee Dempster,Chief Executive Officer at Just IT Recruitment,Staffing and Recruiting,"London, United Kingdom"
João Andrade,Group CEO & Co-Founder at WideCells Group,Hospital & Health Care,"London, United Kingdom"
Juliette Otterburn-Hall,"Chief Content Officer (Global), Beamly (formerly zeebox) & CEO, Netiqet",Media Production,"London, United Kingdom"
Richard Brys,"Chief Executive Officer, Utilidex",Utilities,"London, United Kingdom"
Richard Burrell,Chief Executive Officer at Aggregated Micro Power Holdings plc,Renewables & Environment,"London, United Kingdom"
Tim Fell,CEO at Synthace Ltd,Biotechnology,"London, United Kingdom"
Leanne Gilbert,Contract and Communication Associate at Product Madness,Online Media,"London, United Kingdom"
Mushegh Tovmasyan,CEO - Divisa Capital - FX & CFD Prime Broker,Financial Services,"London, United Kingdom"
Caroline Mason,Chief Executive Officer at Esmee Fairbairn Foundation,Nonprofit Organization Management,"London, United Kingdom"
Anthony Watson,"President & Chief Executive Officer at Uphold, Inc.",Financial Services,"London, United Kingdom"
Scott Dodson,"Chief Product Officer, Lingvist",Entertainment,"London, United Kingdom"
Philip Colligan,Chief Executive Officer at Raspberry Pi Foundation,Public Policy,"London, United Kingdom"
Matt Griffiths,"Chief Executive Officer, National Foundation for Youth Music",Music,"London, United Kingdom"
Anders la Cour,Chief Executive Officer at Saxo Payments A/S,Financial Services,"London, United Kingdom"
Chris Leeson,CEO at Huntress Group,Staffing and Recruiting,"London, United Kingdom"
Peter Bale,Chief Executive Officer at The Center for Public Integrity,Media Production,"London, United Kingdom"
Peter Chadha PhD,Futurologist & Technology Commentator. CEO DrPete Technology Experts - technology advice for business leaders,Management Consulting,"London, United Kingdom"
Ian Strafford-taylor,CEO at FAIRFX,Financial Services,"London, United Kingdom"
Nassar Khalil MIH MBIFM,Independent Hotel Consultancy,Hospitality,"London, United Kingdom"
Mike Moran,Chief Executive Officer at INSOMNIS MEDIA LTD,Marketing and Advertising,"London, United Kingdom"
Martin Brookes,Chief Executive Officer at Tomorrow's People,Nonprofit Organization Management,"London, United Kingdom"
Zahid Bilgrami,Chief Executive at Defaqto,Financial Services,"London, United Kingdom"
Jaimie Patel,CEO at Digital Ecosystems,Marketing and Advertising,"London, United Kingdom"
Gail Scott-Spicer,Chief Executive Officer at Carers Trust,Civic & Social Organization,"London, United Kingdom"
simon smiley,CEO at QuickThink,Gambling & Casinos,"London, United Kingdom"
"Neil Hitchcock FCII, CPCU, MCSI",Chief Executive Officer at Market Insurance Brokers Limited,Insurance,"London, United Kingdom"
Larry Rees,Brand Strategist,Management Consulting,"London, United Kingdom"
Simon Day,Chief Executive Officer at the Conservative Party,Political Organization,"London, United Kingdom"
John Maltman,Chairman and Chief Excutive Officer at e-fundamentals Limited,Information Technology and Services,"London, United Kingdom"
Guy-Edward Waterland,NextUser Europe,Information Technology and Services,"London, United Kingdom"
Andy Mitchell,CRO at Switch,Information Technology and Services,"London, United Kingdom"
Mark Wakelin,Chief Executive Officer at Tquila,Computer Software,"London, United Kingdom"
Zaid Al-Zaidy,Creative Agency CEO,Marketing and Advertising,"London, United Kingdom"
Charlotte Hill,Chief Executive Officer at Step up to Serve,Nonprofit Organization Management,"London, United Kingdom"
Andrew Grant,"Chief Executive Officer, AppAdVenture",Marketing and Advertising,"London, United Kingdom"
Mark Wood,"Chief Executive Officer at Ten Alps PLC; Director at Future PLC, Citywire PLC",Media Production,"London, United Kingdom"
Nigel Frith,CEO Simply Media Publishing LLC,Internet,"London, United Kingdom"
Kufa Matiya,Chief Executive Officer at In2Ambition,Education Management,"London, United Kingdom"
Ann Olivarius,Chair of the Executive Committee at McAllister Olivarius,Law Practice,"London, United Kingdom"
Alec L Theunissen,CEO - The ALT Group Limited,Financial Services,"London, United Kingdom"
Jean-Michel BOEHM,CEO Seilern Investment Management,Financial Services,"London, United Kingdom"
Moorad Choudhry,Chief Executive at Habib Bank AG Zurich,Banking,"London, United Kingdom"
Paul McComish,Enabling organisations to improve business performance,Management Consulting,"London, United Kingdom"
Mutaz Qubbaj,CEO at Squirrel,Financial Services,"London, United Kingdom"
Carl Marotta,Life Science Executive Search Professional,Pharmaceuticals,"London, United Kingdom"
Marco Camisani-Calzolari,Contract Professor in Business Digital Communication at University of Pavia,Internet,"London, United Kingdom"
James Briscoe,Global Chief Media Officer at Syzygy Group,Internet,"London, United Kingdom"
Guy Lawrence,CEO Mast-Jaegermeister UK Ltd,Consumer Goods,"London, United Kingdom"
Nick (Jankel-Elliott) Seneca Jankel,"Author, ""Switch On"" | Innovation & Leadership Expert | International Keynote Speaker | Wisdom Teacher | TV Host",Entertainment,"London, United Kingdom"
Zain Mahmood,CEO at Griff Investment Fund,Banking,"London, United Kingdom"
Sara Brunelli,CEO - Bidtotrip ltd,"Leisure, Travel & Tourism","London, United Kingdom"
Gabriel Terranova,Chief Executive Officer at Andersen Steinberg,Financial Services,"London, United Kingdom"
Bode Ayodele,"Principal Consultant, IDEAS CONCEPTS AND PRODUCTS (ICP)",Publishing,"London, United Kingdom"
Marjorie Nadal,CEO at Exocet Advisory Ltd,Capital Markets,"London, United Kingdom"
Dominic Berger,Chief Executive Officer at Angel Equity International,Management Consulting,"London, United Kingdom"
Leonor Stjepic,CEO at RAFT,Nonprofit Organization Management,"London, United Kingdom"
Tessy Ojo,CEO at The Diana Award,Nonprofit Organization Management,"London, United Kingdom"
Erisen Ali,"Creative Freelancer - Events, Music, Branding, Activation, New Business",Marketing and Advertising,"London, United Kingdom"
Steven Owen,Chief Executive Officer at Wye Valley Partners LLP,Real Estate,"London, United Kingdom"
Paul Excell,"Founder, CEO, Chairman",Information Technology and Services,"London, United Kingdom"
Inmaculada Martinez,Chief Product Officer at Preadly,Information Technology and Services,"London, United Kingdom"
Scott Cain,"Executive Director & Chief Business Officer at Future Cities Catapult, Founder at The Long Run Venture & Hub Launchpad",Renewables & Environment,"London, United Kingdom"
Francesco Lorenzetti,CEO at SumoSoft Ltd,Computer Software,"London, United Kingdom"
Stephen Robertson,"CEO, The Big Issue Foundation",Nonprofit Organization Management,"London, United Kingdom"
John Davies,Chief Executive Officer at The Just Loans Group PLC,Financial Services,"London, United Kingdom"
Ronald Ck Ong,"CEO at Verified Worldwide Group Ltd, MD at Verified Legal, Global CEO at SearchDigital ✅",Management Consulting,"London, United Kingdom"
Ilya Pashkov,Chief Design Officer at eCapsula,Design,Greater Chicago Area
Debbie Smith,Founder & CEO of Caritas Recruitment,Staffing and Recruiting,"London, United Kingdom"
Eskil Jersing,CEO at Sterling Energy Plc,Oil & Energy,"London, United Kingdom"
Anthony Hobley,"CEO, Carbon Tracker Initiative",Financial Services,"London, United Kingdom"
Arthur Kay,Chief Executive Officer | bio-bean Ltd,Renewables & Environment,"London, United Kingdom"
Will Atkinson,Chief Executive Officer at TEC Group Worldwide,Staffing and Recruiting,"London, United Kingdom"
Yu Song,Founder & CEO at Blueprint Capital Limited,Financial Services,"London, United Kingdom"
Andrew Edwards,CEO of ETX Capital,Financial Services,"London, United Kingdom"
Gareth James,"CEO, Trium Capital",Banking,"London, United Kingdom"
Gurtej Sandhu,CEO QS Unisolution & CIO/Head of Digital QS Limited,Education Management,"London, United Kingdom"
Marc Marshall,CEO at Stellar Intelligence,Security and Investigations,"London, United Kingdom"
Darren Carroll,Chief Executive Officer at Longbridge,Staffing and Recruiting,"London, United Kingdom"
Islay Robinson,CEO of Enness Private Clients- HNW Mortgage Brokerage,Financial Services,"London, United Kingdom"
Imran Khan,Chief Executive Officer | Morgan Randall,Real Estate,"London, United Kingdom"
James Chaplin,CEO - Vacancysoft LLP,Online Media,"London, United Kingdom"
Guy Hayward,CEO at Goodman Masson,Staffing and Recruiting,"London, United Kingdom"
Michael Chojnacki,CEO at Closir,Capital Markets,"London, United Kingdom"
John E. Milad,CEO at Quanta Fluid Solutions,Medical Devices,"London, United Kingdom"
Sandra Truesdale (née O'Connor),"CEO, Clerkenwell London",Marketing and Advertising,"London, United Kingdom"
Daniel Smart,Pharmaceutical R&D Recruitment across Europe,Pharmaceuticals,"London, United Kingdom"
Johnny Luk FRSA,Chief Executive Officer at the National Association of College and University Entrepreneurs (NACUE),Civic & Social Organization,"London, United Kingdom"
Kate Cooper,Chief Strategy Officer at Bloom Worldwide & Different Spin,Marketing and Advertising,"London, United Kingdom"
Pavel Kalmaev,"Deputy CEO, Chief Investment - Nemo TV",Telecommunications,"London, United Kingdom"
David Johnson,Eos Risk Management - Chief Executive Officer: Global Security Risk Mitigation & Crisis Management Business,Security and Investigations,"London, United Kingdom"
Nathan Ott,CEO eg.1 Ltd and Director at The GC Index Ltd,Human Resources,"London, United Kingdom"
Oliver Blower,CEO in Telecommunications Technology and Financial Services | Managing Director | Leading Innovation and Growth,Financial Services,"London, United Kingdom"
Scott Barnes,Board Chairman at Grant Thornton International Ltd,Accounting,"London, United Kingdom"
Paul Kelly,Chief Executive Officer at Linear Investments Ltd,Financial Services,"London, United Kingdom"
Jason Ward,Chief Executive Officer at Privé Health,Financial Services,"London, United Kingdom"
Sid Narang,"CEO, thesqua.re",Internet,"London, United Kingdom"
Apostolos N. Zervos,CEO at Akazoo,Internet,"London, United Kingdom"
Fergal Roche,"Chief Executive Officer, The Key",Education Management,"London, United Kingdom"
Trevor Hardy,Chief Executive at The Future Laboratory,Management Consulting,"London, United Kingdom"
Rick Hirst,CEO at mcgarrybowen London,Marketing and Advertising,"London, United Kingdom"
Gordon Scorer,Chief Executive Officer at London Wildlife Trust,Nonprofit Organization Management,"London, United Kingdom"
Richard Cook,CEO - Blackfinch Investments Ltd,Investment Management,"London, United Kingdom"
Stephen Hall,Chief Executive Officer - RPMC,Sports,"London, United Kingdom"
Will Moore,"Co-Founder, CEO, Strategist, Business Mentor",Music,"London, United Kingdom"
Robert Hamilton,Chief Executive Officer at Dynamic Ventures in Media,Online Media,"London, United Kingdom"
Jonathan Harper,Chief Executive Officer at Future Foundations,Education Management,"London, United Kingdom"
Chris Goodman,"CEO with successes leading labs, companies, and tissue/blood cell banks to operational and financial improvements.",Biotechnology,"London, United Kingdom"
John Ainley,"CEO, The Alexander Partnership",Human Resources,"London, United Kingdom"
Alex Hewitt,"Chief Executive, AOK Events",Events Services,"London, United Kingdom"
Ed Goring,Business Leader | Entrepreneur,Internet,"London, United Kingdom"
Steve Jacobs,CEO at KAI Investments,Investment Management,"London, United Kingdom"
John Hardie,Chief Executive Officer at ITN,Entertainment,"London, United Kingdom"
Tony Keterman,Chief Executive at Hamilton Court FX LLP,Financial Services,"London, United Kingdom"
Gary Forster,"Chief Executive Officer, Transaid",International Trade and Development,"London, United Kingdom"
Tony Keterman,Chief Executive at Hamilton Court FX LLP,Financial Services,"London, United Kingdom"
Gary Forster,"Chief Executive Officer, Transaid",International Trade and Development,"London, United Kingdom"
Sarah Matthew,"Joint CEO, Virgo Health & Joint MD, Global Healthcare Practice, Golin",Public Relations and Communications,"London, United Kingdom"
Amar Prashar,CEO at Poplify,Online Media,"London, United Kingdom"
Charles Ebubedike,Chief Executive Officer at Clinova Limited,Pharmaceuticals,"London, United Kingdom"
Matthew Peacock,Chief Executive Officer at Pentagon Group,Management Consulting,"London, United Kingdom"
Chris Rowley,"Managing Director & Co-Founder, Source8",Telecommunications,"London, United Kingdom"
Stephen Turnsek,Chief Executive Officer at TSL Digital Ltd.,Marketing and Advertising,"London, United Kingdom"
Ben Mansell,CEO at TelcoCentric,Computer Software,"London, United Kingdom"
Jean-Marc Debricon,General Manager at Alterfin,Nonprofit Organization Management,"London, United Kingdom"
Anna Sharonova,Chief Marketing officer в компании Digital Forest Corp,Marketing and Advertising,"London, United Kingdom"
omar bertolla,Co - fondatore e CEO Antbox LTD,Internet,"London, United Kingdom"
Jeff Bailey,Managing Director at Cool Car Cover,Consumer Services,"London, United Kingdom"
Christopher Orchard,WGP Global | Corporate Finance | M&A | Cross-Border Transactions | EMEA |,Management Consulting,"London, United Kingdom"
Peter Kolka,Managing Director at Exlabs Software Ltd,Computer Software,"London, United Kingdom"
Charlotte Nord,PA to CEO/ HR Officer at Procserve,Information Technology and Services,"London, United Kingdom"
Matthew Sherwood,CEO of a growing network of visionary independent schools,Education Management,"London, United Kingdom"
Peter Morgan,Chief Data Scientist at GoDataScience,Information Technology and Services,"London, United Kingdom"
Alistair Wildman,Chief Revenue Officer,Information Technology and Services,"London, United Kingdom"
Ron Goddard,"CEO TechVentures.London, NED, Angel Investor, Board Advisor",Information Technology and Services,"London, United Kingdom"
Julie Choo,Founder & CEO at Stratability,Information Technology and Services,"London, United Kingdom"
Ania Futrzyk,Executive Assistant at ENTIQ,Information Technology and Services,"London, United Kingdom"
Guy Willner,Chairman and CEO IXcellerate Moscow,Information Technology and Services,"London, United Kingdom"
Roland Bryan,CEO at Wowcher,Online Media,"London, United Kingdom"
Constantine Goulimis,"CEO at Greycon, Production Optimisation Software | Chairman at Causality, Pony HPC Language",Computer Software,"London, United Kingdom"
Marco Ricci,CEO at Adloox,Online Media,"London, United Kingdom"
"Cristian Caruso, IMC, CAIA",Chief Executive Officer presso MC Capital Ltd,Financial Services,"London, United Kingdom"
Joe Blackman,Chief Executive Officer of Collection 26,Events Services,"London, United Kingdom"
Jonathan Jenkins,CEO of Social Investment Business,Venture Capital & Private Equity,"London, United Kingdom"
Norman Burden,Chief Executive Officer at True North Human Capital Limited,Management Consulting,"London, United Kingdom"
Bev Jullien,Chief Executive Officer at Mothers' Union,Higher Education,"London, United Kingdom"
Mark Ashdown,Chief Strategy Officer at Digitalk,Telecommunications,"London, United Kingdom"
Steve Dunne,"Executive Chairman, Brighter Group Ltd & CEO Digital Drums Ltd",Public Relations and Communications,"London, United Kingdom"
Sami Kasap,Digital Marketing Consultant,Online Media,"London, United Kingdom"
Mike Laven,CEO at Currency Cloud,Information Technology and Services,"London, United Kingdom"
"Susannah Nicklin, CFA","Co-Founder, Apprecie Limited",Information Technology and Services,"London, United Kingdom"
Lawrence Cummins,Managing Director at Nexstar League Limited,Information Technology and Services,"London, United Kingdom"
Rico Dinolfi MICM,Group Chief Executive Officer / CEO (Group Strategy & Board Member),Financial Services,"Edinburgh, United Kingdom"
Albert Ellis,CEO Harvey Nash Group plc,Information Technology and Services,"London, United Kingdom"
Wouter Witvoet,Chief of Staff at Karhoo; Global Shaper at World Economic Forum,Information Technology and Services,Greater New York City Area
Lawrence Cummins,Managing Director at Nexstar League Limited,Information Technology and Services,"London, United Kingdom"
Rico Dinolfi MICM,Group Chief Executive Officer / CEO (Group Strategy & Board Member),Financial Services,"Edinburgh, United Kingdom"
Albert Ellis,CEO Harvey Nash Group plc,Information Technology and Services,"London, United Kingdom"
Wouter Witvoet,Chief of Staff at Karhoo; Global Shaper at World Economic Forum,Information Technology and Services,Greater New York City Area
Maila Reeves,"Interim Commercial Dir. at Expedition & Wilderness Medicine, Director of Strategy at Profinda",Information Technology and Services,"London, United Kingdom"
Suba Subramaniam,"Visionary Entrepreneur, Investor & Mentor",Information Technology and Services,"London, United Kingdom"
Robert Morgan,Director at Burnt Oak Partners,Information Technology and Services,"London, United Kingdom"
Yvonne Biggins,Founder and CEO at Young Happy Minds,Information Technology and Services,"London, United Kingdom"
Kalyankrishna Battula,Executive Director at Portxperts Shipping pvt ltd,Information Technology and Services,"London, United Kingdom"
Kenneth Ma,CEO at Kuan Inc.,Information Technology and Services,"London, United Kingdom"
Richard Heald,CEO and founder at CallSquad,Information Technology and Services,"London, United Kingdom"
Nirupama De Silva,Executive Assistant to CEO & Office Manager at Import.io,Information Technology and Services,"London, United Kingdom"
Blanche Crowe,Executive Assistant to CEO at Skills Matter,Information Technology and Services,"London, United Kingdom"
Rupert Maunsell,Chief Executive Officer at Jonathan Saunders,Apparel & Fashion,"London, United Kingdom"
Daniel A. Weisz,Podiatrist - Medical Director,Hospital & Health Care,"London, United Kingdom"
Jason Bowler,Chief Executive Officer at Resourcing Group,Staffing and Recruiting,"London, United Kingdom"
Sunny Ahonsi,Corporate Trainer at RisXcel UK Ltd,Education Management,"London, United Kingdom"
Christian Shanahan,CEO at Blue Orb Recruitment,Staffing and Recruiting,"Bristol, United Kingdom"
Andrew Mullins,CEO Knowledge & Networking Division Informa Plc,Information Technology and Services,"London, United Kingdom"
Dr. Raik Fischer,Chairman & Chief Executive Officer,Management Consulting,"London, United Kingdom"
Peter Miller,"Transport futures, smart cities and big data",Information Technology and Services,"Ipswich, United Kingdom"
Theresa Shearer,CEO at ENABLE Scotland,Nonprofit Organization Management,"Glasgow, United Kingdom"
Paul Hutton,CEO at Cranfield Aerospace Ltd,Aviation & Aerospace,"Milton Keynes, United Kingdom"
Martin Marron,CEO at Regain Polymers Ltd,Consumer Goods,"Birmingham, United Kingdom"
Paul Watson,Chief Executive Officer - Volo Commerce,Information Technology and Services,"Gloucester, United Kingdom"
Richard Barlow,Chief Executive Officer at Wejo,Information Technology and Services,"Manchester, United Kingdom"
Jim Beagle,President & CEO at BridgeHead Software,Information Technology and Services,"Kingston upon Thames, United Kingdom"
Keith Norton,CEO at Trilogy Communications ★ Telecoms Business Strategist ★ Technology Specialist ★ Game Changer,Information Technology and Services,"Guildford, United Kingdom"
Phil Dawson,Member of the Board of Directors at techUK,Information Technology and Services,"Taunton, United Kingdom"
Nick Hirst,Chief Information Officer NIHR Clinical Research Network & Founder Hirst Associates Limited,Information Technology and Services,"York, United Kingdom"
Aftab Malhotra,Founder.Tech Business Leader & Investor.Chairman and Board Advisor.Public Speaker & Evangelist on Entrepreneurship.,Venture Capital & Private Equity,United Kingdom
Rob Collyer,Midwifery & Nursing Advocate via SMNET ♦ Community Engagement ♦ IT Visionary ♦ Social Media Strategist ► Let's Connect!,Online Media,"Newcastle upon Tyne, United Kingdom"
Richard Abrahams,THE 'INSPIRATIONAL GUY',Professional Training & Coaching,"Watford, United Kingdom"
Dr Philip Crocker,CEO at PSC Consulting Limited,Management Consulting,"Cardiff, United Kingdom"
Dianne Brak,Chairman & Chief Executive Officer at CreativeFuse,Staffing and Recruiting,"London, United Kingdom"
Tim Barker,CEO at DataSift,Information Technology and Services,"Reading, United Kingdom"
Simon Hansford,Chief Executive Officer at Skyscape Cloud Services,Information Technology and Services,"Guildford, United Kingdom"
George Mackintosh,CEO at TestPlant,Information Technology and Services,United Kingdom
Andrew Hickey,CEO Envirtual,Information Technology and Services,United Kingdom
Alex Fagioli,Chief Executive Officer at Tectrade,Information Technology and Services,United Kingdom
Benjamin Pius,CEO,Information Services,"London, United Kingdom"
Nick Hounsfield,Founder | CEO The Wave,Recreational Facilities and Services,"Bristol, United Kingdom"
Noel Moran,CEO at Prepaid Financial Services,Banking,United Kingdom
Christian Greenshaw,CEO and founder at CareShield and AccessAcademy International,E-Learning,"Stevenage, United Kingdom"
James Ritchie,Tekmar Group CEO,Oil & Energy,"Darlington, United Kingdom"
Marco Faccini,CEO at Performance Learning Grp,Education Management,"Taunton, United Kingdom"
Suzanne Taylor,CEO Chief Executive Officer of Amazing Venues & Clarenco,Investment Management,"Hemel Hempstead, United Kingdom"
Alan Haley,Chief Executive Officer (CEO) at Europa Communications,Marketing and Advertising,"Slough, United Kingdom"
Mamadou Ly,Founder & Managing - Partner at The Black Swan Partnership,Investment Banking,United Kingdom
Ted Ridgway Watt,Technology business leader,Information Technology and Services,"Cambridge, United Kingdom"
Huw Owen,"CEO, Ark Data Centres Ltd",Information Technology and Services,United Kingdom
"Steve Sanders FIoD, CBA",CEO of Omnecore,Information Technology and Services,"Reading, United Kingdom"
Chris Puttick,CEO & Co-Founder at TwoTen,Information Technology and Services,"Oxford, United Kingdom"
Jim Piggot,"Chief Executive Officer, Gamification Expert, TPLD",Information Technology and Services,United Kingdom
John Georghiou,Chief Executive Officer at Transcend360 Consulting Ltd,Information Technology and Services,"Kingston upon Thames, United Kingdom"
BOB CROMPTON,Founder and CEO at Threesixty Developments,Real Estate,United Kingdom
Cameron Hunter Bell,"CEO at Orson & Co, Leader at Entrepreneurial Scotland, Babson Alumni & 2014 Saltire Fellow",Management Consulting,"Edinburgh, United Kingdom"
Danny Herbert,Chief Executive Officer at SOLA Group,Information Technology and Services,United Kingdom
Graeme Gordon,CEO at IFB,Information Technology and Services,"Aberdeen, United Kingdom"
Neil Turvin,Chief Executive Officer at GODEL | DOING SOFTWARE DEVELOPMENT... PROPERLY.,Information Technology and Services,"Manchester, United Kingdom"
Scott Brenchley,Chief Executive Officer at Tactus Limited,Information Technology and Services,"Warrington, United Kingdom"
Peter Birkett,Chief Executive Officer at adept4,Information Technology and Services,"Warrington, United Kingdom"
Ian Campbell,NED at Indian Ocean Telecom Ltd,Information Technology and Services,"Guernsey, United Kingdom"
Pradeep Ramayya,Chief Executive at AxSys Technology Ltd,Information Technology and Services,United Kingdom
Dennis Kehoe,Chief Executive Officer at AIMES Grid Services CIC Ltd,Information Technology and Services,United Kingdom
Paul McGlynn,Chief Executive,Information Technology and Services,"Glasgow, United Kingdom"
Jan smith,Chief Executive Officer. Thought Leadership in IT Asset Data Security and Business Relationships,Information Technology and Services,"Chelmsford, United Kingdom"
"M. ""Barney"" Battles",Investor in People not Business Plans,Fund-Raising,United Kingdom
Ambrose McGinn,Chief Executive Officer at Westbrook International Ltd,Information Technology and Services,United Kingdom
Steve Hall,Executive Sales and Marketing Director at ARK Data Centres Ltd,Information Technology and Services,United Kingdom
Julia Brown,"Associate Partner, The Performance Coach",Professional Training & Coaching,"London, United Kingdom"
Chris Rhodes,High Growth Tech Entrepreneur & Investor,Venture Capital & Private Equity,"London, United Kingdom"
John Hunter,Chief Executive at Argyll Scott,Staffing and Recruiting,"London, United Kingdom"
Sean Nutley,Founder and CEO,Environmental Services,"Chelmsford, United Kingdom"
Robert D. Kilgour,Founder & CEO at Dow Investments Plc,Real Estate,"London, United Kingdom"
Brad Goodall,Chief Operating Officer at ENTIQ,Financial Services,"London, United Kingdom"
Chris Merry,Chief Executive at Ipes,Financial Services,"London, United Kingdom"
Liz Field,Chief Executive at WMA - the Wealth Management Association,Financial Services,"London, United Kingdom"
Jonathan Wright,"Chief Executive Officer, Jonathan Wright Management Ltd | CEO & Board Mentoring",Staffing and Recruiting,"London, United Kingdom"
Jose Ojeda,Chief Operating Officer at Lyst,Internet,"London, United Kingdom"
Will Harris,CEO at Mission Media,Marketing and Advertising,"London, United Kingdom"
Gori Olusina Daniel,"Partner, Business Advisory Services at Adams & Moore",Information Services,"London, United Kingdom"
Jason Bates,Co-founder / CCO / Head of Product at Mondo : A new digital retail bank,Banking,"London, United Kingdom"
Tomas Carruthers,Chief Executive at Social Stock Exchange,Financial Services,"London, United Kingdom"
João Bocas,Digital Health Influencer & Entrepreneur * International Speaker,"Health, Wellness and Fitness","London, United Kingdom"
Dariush Zand,Chief Commercial Officer,Telecommunications,"London, United Kingdom"
Paul Bashir,Chief Operating Officer at Round HIll Capital LLC,Real Estate,"London, United Kingdom"
Jon Sharpe,Chief Innovation Officer at RKCR/Y&R,Marketing and Advertising,"London, United Kingdom"
Rob Noble,"Chairman, Digital Non-Exec & Investor",Internet,"London, United Kingdom"
Peter Kyle,Chief Executive at WORKing for YOUth,Nonprofit Organization Management,"London, United Kingdom"
Peter Kyle,Chief Executive at WORKing for YOUth,Nonprofit Organization Management,"London, United Kingdom"
Liz McSheehy,Values Driven CEO experienced in third sector and public sector organisations,Hospital & Health Care,"London, United Kingdom"
Andrew Nugee,Owner and Chief Executive at imagineear ltd,Information Services,"London, United Kingdom"
Martin Mackay,CEO in global tech,Information Technology and Services,"London, United Kingdom"
RICHARD HOLLIS,Director at Risk Factory,Computer & Network Security,"London, United Kingdom"
Sanford Dickert,Co-founder / CEO of OWLR,Internet,"London, United Kingdom"
Matteo Berlucchi,"CEO, Your.MD",Internet,"London, United Kingdom"
Jason Goodman,"Founder & CEO, Albion",Marketing and Advertising,"London, United Kingdom"
Simon Murdoch,Managing Partner at Episode 1 Ventures,Venture Capital & Private Equity,"London, United Kingdom"
Rob Wilmot,"Chairman, CEO, NED, Trustee. A man on a mission to help change the world one useful idea at a time",Internet,"London, United Kingdom"
Seema Shah,Executive Assistant to CEO,Outsourcing/Offshoring,"London, United Kingdom"
Michael Ross,Co-founder and Chief Scientist at DynamicAction,Internet,"London, United Kingdom"
Sanford Dickert,Co-founder / CEO of OWLR,Internet,"London, United Kingdom"
Matteo Berlucchi,"CEO, Your.MD",Internet,"London, United Kingdom"
Jason Goodman,"Founder & CEO, Albion",Marketing and Advertising,"London, United Kingdom"
Simon Murdoch,Managing Partner at Episode 1 Ventures,Venture Capital & Private Equity,"London, United Kingdom"
Rob Wilmot,"Chairman, CEO, NED, Trustee. A man on a mission to help change the world one useful idea at a time",Internet,"London, United Kingdom"
Rodney Schwartz,Impact investment expert ► Helps entrepreneurs generating impact to raise money ► Guides investors in impact investment,Investment Management,"London, United Kingdom"
Russ Lidstone,"Advertising, PR & Digital Agency CEO",Marketing and Advertising,"London, United Kingdom"
Gabrielle Hase,"CEO, Soleberry Advisory",Management Consulting,"London, United Kingdom"
Gabrielle Hase,"CEO, Soleberry Advisory",Management Consulting,"London, United Kingdom"
Andrew Bud,"Founder & CEO iProov, MEF Chairman, mBlox Founder and Non-Exec Director/Chairman of tech businesses",Telecommunications,"London, United Kingdom"
Christian Lindstrom,CEO at NXT WiFi,Marketing and Advertising,"London, United Kingdom"
John Blakey,Board Chair | Elite Sports & CEO Executive Coach | Author - 'The Trusted Executive',Management Consulting,"London, United Kingdom"
Mark Kass,Founder Enterprise4Good Group; Social Entrepreneur driving profit reinvestment in business-led social impact partnership,Management Consulting,"London, United Kingdom"
Jonathan Bloch,CEO Exchange Data International,Computer Software,"London, United Kingdom"
Guy Parsons,CEO easyHotel PLC,"Leisure, Travel & Tourism","London, United Kingdom"
Richard Bennett,"Entrepreneur, Investor and Experienced Director of AIM Listed Companies",Renewables & Environment,"London, United Kingdom"
Paulo Gaspar,Chief Marketing Officer at Lusiaves,Venture Capital & Private Equity,"London, United Kingdom"
Steve Willey,"Digital Strategist, Consultant and Adviser.",Executive Office,"London, United Kingdom"
Guy Parsons,CEO easyHotel PLC,"Leisure, Travel & Tourism","London, United Kingdom"
Richard Bennett,"Entrepreneur, Investor and Experienced Director of AIM Listed Companies",Renewables & Environment,"London, United Kingdom"
Paulo Gaspar,Chief Marketing Officer at Lusiaves,Venture Capital & Private Equity,"London, United Kingdom"
Steve Willey,"Digital Strategist, Consultant and Adviser.",Executive Office,"London, United Kingdom"
Alexis Dormandy,Executive Chairman at Freeformers,Internet,"London, United Kingdom"
Ben Barney,CEO UK & Ireland,Internet,"London, United Kingdom"
Andrew Boyes-Varley,Value capture professional in the digital era,Management Consulting,"London, United Kingdom"
Jane Turner,"COO, CMO, Strategy & Digital Officer",Internet,"London, United Kingdom"
Wolter Mannerfelt,"NED/Chairman, Interim Change Manager",Management Consulting,"London, United Kingdom"
Laura Francesca Kendrew,Executive Assistant at Spayne Lindsay & Co,Executive Office,"London, United Kingdom"
Juliette Kammacher-Reich,"Experienced Corporate Event/Project Manager, Fashion Photo Shoot Producer, Executive Assistant & Office Manager",Executive Office,"Bristol, United Kingdom"
Camilla Cockerill,Executive Assistant,Apparel & Fashion,"London, United Kingdom"
Paul Kingsley,"COO, CFO, Commercial Finance, Digital Expert",Marketing and Advertising,"London, United Kingdom"
John M. Brimacombe,"Executive Chairman, Linguamatics & Partner, Sussex Place Ventures",Information Technology and Services,"London, United Kingdom"
Antony Walker,"Deputy CEO, techUK",Information Technology and Services,"London, United Kingdom"
Jaka Levstek,CEO at D.Labs,Information Technology and Services,"London, United Kingdom"
Stuart Simms,CEO at Fits.me a Rakuten Company,Information Technology and Services,"London, United Kingdom"
Pat Molloy,"Executive Level, Survey and Insight Technology",Information Technology and Services,"London, United Kingdom"
Richard Mann,"UK Managing Director at Black Swan, CEO at Chirp",Information Technology and Services,"London, United Kingdom"
Graeme Philp,"CEO of GAMBICA, the UK Trade Association for Automation, Instrumentation and Control and Laboratory Technology",Industrial Automation,"London, United Kingdom"
Mary Keane-Dawson,"Digital Business Consultant, NED and Executive Coach Global Ambassador BIMA, BIMA Hot 100 & The Drum Digerati",Information Technology and Services,"London, United Kingdom"
Gerry Haag,Chief Strategy Officer at Privax,Internet,"London, United Kingdom"
Matteo Cerri,Founder & CEO at The Family Officer Group,Financial Services,"London, United Kingdom"
Bryan Foss,"Digital Non-Executive Director (NED), Chartered Director, Risk & Audit Chair, Visiting Professor",Financial Services,"London, United Kingdom"
Richard Anson,"Founder, Digital & Customer Centricity Advisor, Board Member",Internet,"London, United Kingdom"
Chris Averill,Non Executive Director at Design on Impulse,Marketing and Advertising,"London, United Kingdom"
Laurence Callow,Partner Bailey Montagu,Pharmaceuticals,"London, United Kingdom"
Bert de Ruiter,CEO at QIB UK,Banking,"London, United Kingdom"
Quinton Fivelman,Innovation and commercialisation strategy expert,Management Consulting,"London, United Kingdom"
Stephen Mallinson,Chief Executive at Localgiving,Nonprofit Organization Management,"London, United Kingdom"
Pascal Zähner,Chief Operating Officer at Affectv,Online Media,"London, United Kingdom"
Georgina Budge,Executive Assistant to the CEO and Chairman at Northacre,Real Estate,"London, United Kingdom"
Lucy P. Marcus,Non-Exec Board Director ● columnist Project Syndicate & BBC ● Professor,Financial Services,"London, United Kingdom"
William Reeve,co-CEO at Hubbub,Internet,"London, United Kingdom"
Bill Morrow (Angels Den),Chief Evangelist about our own raise at Angels Den,Venture Capital & Private Equity,"London, United Kingdom"
Stuart Hillston,"Advisor, coach, mentor, NED, speaker, lecturer",Venture Capital & Private Equity,"London, United Kingdom"
Tim Weller,"Media Entrepreneur, Chief Executive, Chairman and Investor",Online Media,"London, United Kingdom"
Christine Ourmières-Widener,Chief Global Sales Officer American Express Global Business Travel,"Leisure, Travel & Tourism","London, United Kingdom"
Dan McGuire,Founder at cube19 Ltd,Internet,"London, United Kingdom"
Anne M. Glover,"CEO, Amadeus Capital Partners Limited",Venture Capital & Private Equity,"London, United Kingdom"
Sophie de Schwarzburg-Gunther,Founder & CEO Capital Strategy Ltd,International Trade and Development,"London, United Kingdom"
. Benjamin Vedrenne-Cloquet,Co-founder @EdTech Europe / Operating Partner @IBIS Capital,Venture Capital & Private Equity,"London, United Kingdom"
Alex Kovach,Chief Commercial Officer at Interactive Investor,Financial Services,"London, United Kingdom"
Deirdre McGlashan,Chief Digital Officer at MediaCom,Internet,"London, United Kingdom"
Ben Tatton-Brown,Chief Strategy and Marketing Officer at BlisMedia,Marketing and Advertising,"London, United Kingdom"
Steve Dineen,Passionate about bottling greatness and learning & communications technology,Online Media,"London, United Kingdom"
Chris Gorell Barnes,Founder & CEO of Adjust Your Set & Pollonize. New Media Entrepreneur & Investor. Co-founder of Blue Marine Foundation.,Marketing and Advertising,"London, United Kingdom"
Thomas Proxa MIH,Head of Executive Search / CEO Unitas Hospitality Ltd,Hospitality,"London, United Kingdom"
Hannah Alaina Maria,Executive Assistant,Media Production,"London, United Kingdom"
Mark Foster,Non Executive Director at 7digital,Entertainment,"London, United Kingdom"
Thomas Enraght-Moony,Chief Operating Officer at Kano Computing,Internet,"London, United Kingdom"
Rajen Kandel,"CEO of The British College, Kathmandu",Education Management,"London, United Kingdom"
Oliver Shiell,"Chief Executive at Royal Botanic Gardens, Kew Foundation",Education Management,"London, United Kingdom"
Raph Crouan,Managing Director & Founder Startupbootcamp IoT,Computer Hardware,"London, United Kingdom"
Arman Tahmassebi,Chief Operating Officer at London Capital Group,Financial Services,"London, United Kingdom"
Jessica DeLuca,Co-Founder and CEO at Moon London,Internet,"London, United Kingdom"
Thomas Drewry,Co-founder & CEO at Emolument.com,Information Services,"London, United Kingdom"
Clare Bryant,Executive Assistant to CEO at Recruitment Entrepreneur,Staffing and Recruiting,"London, United Kingdom"
David Titmuss,Marketing webuyanycar.com / COO We Love Any Car,Venture Capital & Private Equity,"London, United Kingdom"
Richard Cohen,"Founder & CEO, LoveLive",Music,"London, United Kingdom"
Ian Taylor,Chief Executive at Skills Active,Professional Training & Coaching,"London, United Kingdom"
Paul Drayson,Chairman & CEO at Drayson Technologies Limited,Wireless,"London, United Kingdom"
Julian Sawyer,"Chief Executive at Piran Consulting Ltd,Director at Trade Horizons",Management Consulting,"London, United Kingdom"
Marc Frost,Sales and Payments Professional,Financial Services,"London, United Kingdom"
Rahim Hirji,"Internet, Media & Education",Internet,"London, United Kingdom"
Julie Whelan,Chief Executive at Nordoff Robbins,Nonprofit Organization Management,"London, United Kingdom"
Peter Droussiotis,"Founder/Chmn, PGD Strategy, Corporate Finance & Strategy Consultants; Non-Executive Director, Sequel Business Solutions",Financial Services,"London, United Kingdom"
James Dunford Wood,CCO Ometria,Online Media,"London, United Kingdom"
Azad Camyab,CEO of Pearlstone Energy & Member of Renewable Energy World Europe Exec Advisory Board,Renewables & Environment,"London, United Kingdom"
Peter Radcliffe,Founder & Joint CEO at City Reception Ltd,Outsourcing/Offshoring,"London, United Kingdom"
Darshita Gillies,Global System Integrator,International Affairs,"London, United Kingdom"
Matt Larter,Chief Commercial Officer at OneUp Sports,Sports,"London, United Kingdom"
Anthony Johnson,CCO - PlayJam,Entertainment,"London, United Kingdom"
Emma Andrews,Executive Assistant to CEO and COO at NP Group,Staffing and Recruiting,"London, United Kingdom"
Richard Craig,Chief Executive at Technology Trust,Nonprofit Organization Management,"London, United Kingdom"
Zoe Rojas,EA to CEO & Facilities/Project Manager at Angela Mortimer Group,Management Consulting,"London, United Kingdom"
David Karseladze,"Deputy CEO, Member of Advisory Board",Investment Management,"London, United Kingdom"
Ian Govendir,Honorary Visiting Professor at London Metropolitan University,Nonprofit Organization Management,"London, United Kingdom"
Emma Andrews,Executive Assistant to CEO and COO at NP Group,Staffing and Recruiting,"London, United Kingdom"
Richard Craig,Chief Executive at Technology Trust,Nonprofit Organization Management,"London, United Kingdom"
Zoe Rojas,EA to CEO & Facilities/Project Manager at Angela Mortimer Group,Management Consulting,"London, United Kingdom"
David Karseladze,"Deputy CEO, Member of Advisory Board",Investment Management,"London, United Kingdom"
Ian Govendir,Honorary Visiting Professor at London Metropolitan University,Nonprofit Organization Management,"London, United Kingdom"
Matthew McStravick,Founder & CEO at Echo / EconomyofHours.com,Civic & Social Organization,"London, United Kingdom"
Steve Morley,Chief Operations Officer at Empora Group Gmbh,Internet,"London, United Kingdom"
Shajna French,Executive Assistant to CEO at Kinetic Partners,Management Consulting,"London, United Kingdom"
Tiffiny Frances Hogg,Executive Assistant to CEO at Practicology,Executive Office,"London, United Kingdom"
Raymond Simonson,at,Nonprofit Organization Management,"London, United Kingdom"
Malcolm Hutchinson,House Husband - Hutchinson Family,Information Technology and Services,"London, United Kingdom"
Daniel Seal,Founder & CEO @ AcreWhite,Information Technology and Services,"London, United Kingdom"
Tim Clark,Director at PwC UK,Information Technology and Services,"London, United Kingdom"
Steve O'Donnell,CIO at G4S plc,Security and Investigations,"London, United Kingdom"
Dan Sandhu,Education Technology Entrepreneur - Chairman & CEO Digital Assess,Information Technology and Services,"London, United Kingdom"
Alex Macdonald,Co-Founder & Co-CEO at Velocity,Information Technology and Services,"London, United Kingdom"
David Senior,Mobile Messaging Expert > I help enterprise companies improve customer/employee communications with SMS,Information Technology and Services,"London, United Kingdom"
Donal Smith,Founder at Credit Benchmark,Information Technology and Services,"London, United Kingdom"
Anne Stokes,CEO Streamwire Ltd,Information Technology and Services,"London, United Kingdom"
Toby Allen,MBA | Head of Production at Preloaded | Founder of TACON,Information Technology and Services,"London, United Kingdom"
Sanjay Jadhav,CEO CTO Co-Founder | 5+ Startups | Tech Entrepreneur | Diverse Industries & Qualifications,Information Technology and Services,"London, United Kingdom"
Ben Evans,Co-Founder at jClarity,Information Technology and Services,"London, United Kingdom"
George Frangou FRSA,Founder & CEO at Massive Analytic Ltd and Cofounder & CEO at Penteract28,Information Technology and Services,"London, United Kingdom"
Richard Petti,CEO Asset Control,Information Technology and Services,"London, United Kingdom"
Robert Steele,CEO at Flamingo Sky - Bridging the gap between entrepreneurs and investors.,Information Technology and Services,"London, United Kingdom"
James Byles,"VP, Global Sales and Marketing at Sterling Risk Solutions",Information Technology and Services,"London, United Kingdom"
Clive Armitage,"Managing Partner, agent3",Information Technology and Services,"London, United Kingdom"
John(Adeniyi) Shonubi FICRM,Group CEO at VP-Shom Ltd,Information Technology and Services,"London, United Kingdom"
Peter Slack,Director of Orbital Technology & City Executive Club,Information Technology and Services,"London, United Kingdom"
Clementine Baig,Executive Assistant at ENTIQ,Information Technology and Services,"London, United Kingdom"
Alex Alenberg,Managing Director at Ampleflex,Information Technology and Services,"London, United Kingdom"
Keith Cornell,Highly experienced CEO and Chairman (UK Chartered Director) in the global technology/software/telecoms market,Wireless,"London, United Kingdom"
Jack Barnett,Tech Exec and Board Member,Information Technology and Services,"London, United Kingdom"
Robert Bartlett,Group CEO at Chestertons,Real Estate,"London, United Kingdom"
Danny Meaney,Founder & CEO of UP Accelerator,Online Media,"London, United Kingdom"
Dom Potter,"Builder, Advisor, Writer, Speaker | Impact startups & Impact orgs",Nonprofit Organization Management,"London, United Kingdom"
Raimund Berens,CEO at Iron Box Capital Ltd,Motion Pictures and Film,"London, United Kingdom"
Marc Corbett-Weaver,marccorbett-weaver.com,Music,"London, United Kingdom"
Johnny Campbell,Turning Recruiters into Sourcing Ninjas since 2010 socialtalent.co,Staffing and Recruiting,"London, United Kingdom"
Simon La Fosse,CEO La Fosse Associates,Staffing and Recruiting,"London, United Kingdom"
Martin Newman,CEO and Founder Practicology,Retail,"London, United Kingdom"
Stu Taylor,CEO at Algomi,Banking,"London, United Kingdom"
Elyse Gallacher,"Marketing & Events Executive, EA to CEO at iSportconnect",Marketing and Advertising,"London, United Kingdom"
Nadeem Shaikh,Founder and CEO at Anthemis Group,Financial Services,"London, United Kingdom"
Gary Watson,CEO at Investigo,Staffing and Recruiting,"London, United Kingdom"
Adrian O'Connor,Founding Partner at Global Accounting Network - Connecting fantastic finance talent with top tier companies worldwide.,Staffing and Recruiting,"London, United Kingdom"
Keith McDonnell,"CEO, kmigaming.com",Gambling & Casinos,"London, United Kingdom"
Jamie McEwen,CEO & Managing Director at AGP (NB) - Executive RPO,Financial Services,"London, United Kingdom"
Ben Hughes,Global Commercial Director & Deputy CEO at the FT,Newspapers,"London, United Kingdom"
Nic Andela Dr,"Author of ""One Trillion Stories For Kids""",Philanthropy,"London, United Kingdom"
Sree Varma,"Founder & CEO at iSportconnect, World's largest private network for Sport Business Executives",Sports,"London, United Kingdom"
Tarek Nseir,CEO @ TH_NK,Internet,"London, United Kingdom"
Ben Drury,"Founder, 7digital",Online Media,"London, United Kingdom"
Graham Ruddick,CEO Communitize / Digital Doughnut,Online Media,"London, United Kingdom"
Jose Bort,"CEO & Co-Founder at PickEvent and Organizer of the #EventProfs Network (1,100+ members)",Events Services,"London, United Kingdom"
Deyna Kay,Executive Assistant to CEO,Investment Management,"London, United Kingdom"
Eran Avni,CEO at ECS-European Communication Services,Telecommunications,"London, United Kingdom"
Robert Durkin,Founder & CEO at FusePump Ltd,Online Media,"London, United Kingdom"
Alex O'Cinneide,Managing Director and Head of Europe at Paladin Capital Group,Venture Capital & Private Equity,"London, United Kingdom"
Paul Jones,CEO at Genomics Enterprises,Pharmaceuticals,"London, United Kingdom"
Steven Mendel,CEO and Co-founder at Bought by Many,Financial Services,"London, United Kingdom"
Richard Stables,CEO Kelkoo Group,Computer Software,"London, United Kingdom"
Simon Baker,Strategic Imagination. Management Innovation. Product Development. Business Impact from better software investment.,Internet,"London, United Kingdom"
Ashley Blake,CEO at Otium Real Estate,Real Estate,"London, United Kingdom"
Simon Drakeford,CEO at Euroffice Ltd,Internet,"London, United Kingdom"
Nick Barnett,CEO at Appsme | Refresh Mobile Ltd,Online Media,"London, United Kingdom"
Gary Peeling,#DigitalLovesPrint | CEO Precision | Marketing Engagement | Automation | Cloud | Workflow | Photo | Global Collaboration,Printing,"London, United Kingdom"
Ben Abrahams,Founder & CEO at Chandler Jones International & Author,Law Practice,"London, United Kingdom"
Neil Rampe,Executive Board Member at Alternative Networks,Telecommunications,"London, United Kingdom"
Andrew Thomas,CEO of 24SG,Staffing and Recruiting,"London, United Kingdom"
David White,Editor In Chief Who's Who,Management Consulting,"London, United Kingdom"
Stewart Niblock,"CEO, Business Advisor & Mentor",Management Consulting,"London, United Kingdom"
David Frise,Chief Executive FIS,Construction,"London, United Kingdom"
Richard Feigen,CEO at Capital Access Group,Financial Services,"London, United Kingdom"
Nick Henry,"Group Managing Director, Henley Media Group",Marketing and Advertising,"London, United Kingdom"
Adam King,Founder and CEO at The Global Music Community,Internet,"London, United Kingdom"
Laura Creswell,Executive Assistant to CEO,Real Estate,"London, United Kingdom"
Francesco Fanelli,entrepreneur,Events Services,"London, United Kingdom"
Stuart Tilly,Co-Founder and Non-Executive Board Advisor at International Social Games Association,Legal Services,"London, United Kingdom"
Catherine Botibol,Owner & Creative Chief,Marketing and Advertising,"London, United Kingdom"
Antony Fraser,"CEO & Co-Founder, Rare Television Limited",Entertainment,"London, United Kingdom"
Andrew Salter,Salter Brothers Entertainment,Entertainment,"London, United Kingdom"
Victoria Broadfoot,Operations and Marketing Director at EarthStream | Global Staffing & Recruitment Focus,Staffing and Recruiting,"London, United Kingdom"
Mathias Rugholm,Executive Assistant to CEO at Mojn Ltd,Computer Software,"London, United Kingdom"
William Richardson,Environmental business management consultant – inciting sustainable change and driving profits for clients,Management Consulting,"London, United Kingdom"
Andrew Markou,CEO - Cofounder at Dynamis,Online Media,"London, United Kingdom"
John Middleton,Founder CEO at Scooploop,Internet,"London, United Kingdom"
Jessica Alleyne,Executive Assistance & Office Management,Design,"London, United Kingdom"
Jean Aligorgi,Executive Assistant to CEO at The Knowledge Transfer Network,Biotechnology,"London, United Kingdom"
Gary Vickers,CEO at Aerogility Inc,Computer Software,"London, United Kingdom"
Wayne M. Bos,Executive Chairman at Progility plc,Information Technology and Services,"London, United Kingdom"
Tom Luke,"CEO, Toggle On",Information Technology and Services,"London, United Kingdom"
Ghassan Matar,CEO at eGoVisa Group Limited,Information Technology and Services,"London, United Kingdom"
David Grundy,CEO Chairman and Co-founder,Information Technology and Services,"London, United Kingdom"
Laurence Shaw,CEO at Anomaly42,Information Technology and Services,"London, United Kingdom"
Simon Bullers,"CEO, RedPixie",Information Technology and Services,"London, United Kingdom"
Audrius Zujus,"Head of Innovation at BPTI, Founder at Aresi Labs",Information Technology and Services,"London, United Kingdom"
Curtis Nash,Founder & C.E.O. at Cognia,Information Technology and Services,"London, United Kingdom"
Alain Falys,"Entrepreneur, innovator",Information Technology and Services,"London, United Kingdom"
Marc D.,CEO at Bayncore,Information Technology and Services,"London, United Kingdom"
Madhuban Kumar,CEO: Metafused,Information Technology and Services,"London, United Kingdom"
Sascha McDonald,Founding Director Testing Performance Ltd,Information Technology and Services,"London, United Kingdom"
Zia Yusuf,Co-Founder & Co-CEO at Velocity,Information Technology and Services,"London, United Kingdom"
Suzy Dean,CEO at AddIn365,Information Technology and Services,"London, United Kingdom"
James Booth,Founder & CEO at Scoota,Information Technology and Services,"London, United Kingdom"
Nigel Sharp,Entrepreneur in Residence at University of Colorado Boulder,Information Technology and Services,Greater Denver Area
Ian Rosmarin,between roles,Information Technology and Services,"London, United Kingdom"
Julian Hirst,Business Transformation | Experience Design & Innovation,Information Technology and Services,"London, United Kingdom"
Daniel Allen,Founder & CEO,Information Technology and Services,"London, United Kingdom"
Marco Abis,Founder & CEO at HighOps,Information Technology and Services,"London, United Kingdom"
Bharat Sharma,ICT Entrepreneur l Commerce - Magento l Contents - Drupal Solution provider,Information Technology and Services,"London, United Kingdom"
Mark Williams,"CEO, Pensar - Your Information, Our Technology.",Information Technology and Services,"London, United Kingdom"
Ben Hookway,"CEO, Relative Insight",Information Technology and Services,"London, United Kingdom"
Ibby Jalloh,An Experienced Executive in IT and Business Transformation,Information Technology and Services,"London, United Kingdom"
Filip Jakubowski-Drzewiecki,"CTO, Google Mentor, Startupbootcamp FinTech Mentor, Developer, Lean Startup, SCRUM Master",Information Technology and Services,"London, United Kingdom"
Simon Small,Executive Director at Arria NLG plc,Information Technology and Services,"London, United Kingdom"
Mark Barlow,Founder & CEO - AppLearn,Information Technology and Services,"London, United Kingdom"
Greg Jackson,Entrepreneur; technology and marketing,Information Technology and Services,"London, United Kingdom"
Aldo Monteforte,CEO and Founder at The Floow,Information Technology and Services,"London, United Kingdom"
Mark Heraghty,Experienced Non-Executive Director (Interxion) and Strategic Advisor (SourceConnect.net),Information Technology and Services,"London, United Kingdom"
Freddie Talberg,Tech Entrepreneur & business founder CEO,Information Technology and Services,"London, United Kingdom"
Suren Khachatryan,ZZillaSoft / INPLAY GROUP LTD,Information Technology and Services,"London, United Kingdom"
Eamon Campbell,"CEO, Norisco",Information Technology and Services,"London, United Kingdom"
Stephen Mooney,CEO at Synoptic Technologies,Information Technology and Services,"London, United Kingdom"
Nick Eatock,Executive Chairman and Founder at Intelliflo Limited,Information Technology and Services,"London, United Kingdom"
Serge Morozov,Founder and CEO at HelpCrunch,Information Technology and Services,San Francisco Bay Area
Massoud Bavar,"Head of Inside Sales EMEA, Kaskade",Information Technology and Services,"London, United Kingdom"
Pierre-Francois Filet,CEO at FiletAndCo Family Office,Information Technology and Services,"London, United Kingdom"
Costa Pangalos,Managing Director Executive Search at NP Group,Staffing and Recruiting,"London, United Kingdom"
Martin Band,"Leadership, Turnaround and Performance",Information Technology and Services,"London, United Kingdom"
Simon Ordish,CEO at Masagi Limited,Information Technology and Services,"London, United Kingdom"
ian newton,IT Consultant at Threepipe,Information Technology and Services,"London, United Kingdom"
Tom Miller,Director of Operations at JetPack IFE,Information Technology and Services,"London, United Kingdom"
Ed Stark,CEO - LODE Audio Ltd,Information Technology and Services,"London, United Kingdom"
Nathan Sage,"Expert in predictive analytics and business strategy - CEO, Fund Manager and Non-Executive Director",Investment Management,"London, United Kingdom"
Martin Walton,CEO at Excalibur Group,Investment Management,"London, United Kingdom"
Jeff Lynn,Co-founder and CEO at Seedrs,Financial Services,"London, United Kingdom"
Dr Nigel Griffiths,Political & Energy Consultant to AEG/Alberta Métis joint venture at AEG-L plc,Logistics and Supply Chain,"London, United Kingdom"
Colette Wyatt,Entrepreneurial Leader - International Sales | Product Development | Technology | Business,Telecommunications,"London, United Kingdom"
Roger Ashby,Executive Chairman at sugru / FormFormForm,Plastics,"London, United Kingdom"
Simon Ordish,CEO at Masagi Limited,Information Technology and Services,"London, United Kingdom"
ian newton,IT Consultant at Threepipe,Information Technology and Services,"London, United Kingdom"
Tom Miller,Director of Operations at JetPack IFE,Information Technology and Services,"London, United Kingdom"
Ed Stark,CEO - LODE Audio Ltd,Information Technology and Services,"London, United Kingdom"
Nathan Sage,"Expert in predictive analytics and business strategy - CEO, Fund Manager and Non-Executive Director",Investment Management,"London, United Kingdom"
Martin Walton,CEO at Excalibur Group,Investment Management,"London, United Kingdom"
Jeff Lynn,Co-founder and CEO at Seedrs,Financial Services,"London, United Kingdom"
Dr Nigel Griffiths,Political & Energy Consultant to AEG/Alberta Métis joint venture at AEG-L plc,Logistics and Supply Chain,"London, United Kingdom"
Colette Wyatt,Entrepreneurial Leader - International Sales | Product Development | Technology | Business,Telecommunications,"London, United Kingdom"
Roger Ashby,Executive Chairman at sugru / FormFormForm,Plastics,"London, United Kingdom"
Jo Eckersley,CEO at ThinkInnovate Ltd,Management Consulting,"London, United Kingdom"
J.N. PAQUET™,"Children's Author, Journalist, Founder & CEO of JNPAQUET Books Ltd / JNPAQUET Media Ltd.",Publishing,"London, United Kingdom"
Odera Ume-Ezeoke,Viewsy - Retail Performance Growth Through Location Analytics,Information Technology and Services,"London, United Kingdom"
